Planet,a,e,I,varpi,Omega,lambda0
Mercury,0.38709893,0.20563069,7.00487,77.45645,48.33167,252.25084
Venus,0.72333199,0.00677323,3.3947,131.53298,76.68069,181.97973
Earth,1.00000011,0.01671022,0.00005,102.94719,348.93936,100.46435
Mars,1.52366231,0.09341233,1.85061,336.04084,49.57854,355.45332
Jupiter,5.20336301,0.04839266,1.3053,14.75385,100.55615,34.40438
Saturn,9.53707032,0.0541516,2.48446,92.43194,113.71504,49.94432
Uranus,19.19126393,0.04716771,0.76986,170.96424,74.22988,313.23218
Neptune,30.06896348,0.00858587,1.76917,44.97135,131.72169,304.88003
Pluto,39.48168677,0.24880766,17.14175,224.06676,110.30347,238.92881
