Satellite,a,T,e,I,R,m
Cordelia,48227,0.3350331,0,0.1,13,
Ophelia,53764,0.3764089,0.1,0.1,16,
Bianca,59165,0.4345772,0.001,0.2,22,
Cressida,61767,0.46357,0,0,33,
Desdemona,62659,0.473651,0,0.2,29,
Juliet,64358,0.493066,0.001,0.1,42,
Portia,66097,0.5131958,0,0.1,55,
Rosalind,69927,0.5584589,0,0.3,29,
Belinda,75255,0.6236248,0,0,34,
Puck,86004,0.7618321,0,0.3,77,
Miranda,129800,1.413,0.0027,4.22,235,0.659
Ariel,191200,2.52,0.0034,0.31,579,13.53
Umbriel,266000,4.144,0.005,0.36,585,11.72
Titania,435800,8.706,0.0022,0.1,789,35.27
Oberon,583600,13.463,0.0008,0.1,761,30.04
Caliban,7169000,-580,0.0823,139.67,40,
Sycorax,12213000,-1289,0.5091,152.67,80,
